7,telugu
11,hindi
14,telugu
15,telugu
17,telugu
19,hindi
20,telugu
22,telugu
25,telugu
26,telugu
27,telugu
28,telugu
29,telugu
30,hindi
31,hindi
35,hindi
36,telugu
41,telugu
42,telugu
43,telugu
44,telugu
45,telugu
46,telugu
47,telugu
52,malayalam
53,hindi
54,hindi
57,hindi
58,hindi
59,hindi
70,hindi
71,telugu
72,hindi
81,hindi
82,hindi
83,hindi
84,hindi
91,bangali
92,bangali
93,bangali
121,hindi
122,remove
123,hindi
139,telugu
140,telugu
141,telugu
142,telugu
143,telugu
150,telugu
154,telugu
155,telugu
156,telugu
157,telugu
159,telugu
165,telugu
167,telugu
169,hindi
171,hindi
173,telugu
174,hindi
216,telugu
217,bangali
218,bangali
219,bangali
220,odia
221,odia
223,telugu
224,telugu
225,telugu
226,telugu
227,bangali
228,bangali
229,bangali
230,bangali
231,bangali
232,bangali
233,hindi
234,hindi
235,hindi
236,hindi
237,hindi
238,english
239,english
240,english
241,english
242,gujarati
243,gujarati
244,gujarati
245,gujarati
246,gujarati
255,punjabi
256,punjabi
257,punjabi
258,punjabi
259,punjabi
272,malayalam
273,malayalam
274,malayalam
275,telugu
276,telugu
277,telugu
281,telugu
282,telugu
283,telugu
284,telugu
285,bangali
303,bangali
304,bangali
305,bangali
306,bangali
307,gujarati
308,gujarati
309,gujarati
310,gujarati
313,gujarati
314,gujarati
319,gujarati
320,gujarati
321,gujarati
322,gujarati
323,gujarati
324,marathi
325,marathi
326,marathi
327,marathi
328,marathi
329,marathi
330,marathi
331,marathi
332,marathi
333,punjabi
334,punjabi
335,punjabi
336,punjabi
360,english
361,english
362,english
363,english
364,english
365,english
366,english
367,english
368,english
369,english
370,english
371,english
372,telugu
373,telugu
374,english
375,telugu
376,gujarati
377,hindi
385,english
386,hindi
387,kannada
388,marathi
390,telugu
392,tamil
395,tamil
396,tamil
400,tamil
401,tamil
402,tamil
403,tamil
404,tamil
405,hindi
407,punjabi
408,punjabi
409,punjabi
411,punjabi
412,punjabi
413,punjabi
414,punjabi
417,assamese
418,hindi
419,english
420,telugu
421,bengali
422,gujarati
423,kannada
424,malayalam
425,marathi
426,punjabi
427,tamil
428,urdu
429,un
430,hindi
431,un
432,marathi
433,hindi
434,sanskrit
435,odia
436,hindi
437,bengali
438,hindi
439,kannada
440,kannada
441,kannada
442,kannada
443,kannada
444,kannada
445,kannada
446,kannada
450,gujarati
451,bengali
452,english
453,punjabi
454,telugu
455,bengali
456,assamese
457,malayalam
458,tamil
459,odia
460,kannada
461,hindi
462,marathi
463,assamese
464,assamese
465,assamese
466,assamese
467,assamese
468,assamese
469,assamese
471,malayalam
474,urdu
475,bengali
476,bengali
477,bengali
478,malayalam
479,malayalam
480,malayalam
481,malayalam
483,malayalam
484,malayalam
485,malayalam
486,assamese
487,assamese
488,assamese
490,hindi
494,telugu
495,telugu
496,telugu
497,telugu
499,gujarati
500,gujarati
502,gujarati
503,odia
504,odia
505,odia
506,kannada
507,kannada
508,kannada
509,kannada
510,tamil
511,hindi
512,tamil
513,kannada
525,hindi
527,hindi
529,tamil
531,telugu
532,telugu
533,telugu
543,hindi
544,hindi
552,hindi
553,hindi
554,hindi
556,hindi
558,hindi
721,telugu
